phone,opted_out_at,reasons,evidence,we_texted_them,times_texted
+12524745201,2026-10-04T13:01:36.675Z,app_database_optout replied_stop_bare_keyword twilio_21610_unsubscribed,"2026-10-04T13:01:38.000Z send refused: 21610 | 2026-10-04T13:01:37.000Z replied ""STOP"" (matched ""stop"") | recorded in the app at 2026-10-04T13:01:36.675Z",yes,2
+12526757855,2026-10-04T15:54:48.977Z,app_database_optout replied_stop_bare_keyword twilio_21610_unsubscribed,"2026-10-04T15:54:50.000Z send refused: 21610 | 2026-10-04T15:54:49.000Z replied ""STOP"" (matched ""stop"") | recorded in the app at 2026-10-04T15:54:48.977Z",yes,2
+13362804602,2026-09-05T14:08:04.848Z,app_database_optout replied_stop_bare_keyword twilio_21610_unsubscribed,"2026-09-05T14:08:06.000Z send refused: 21610 | 2026-09-05T14:08:05.000Z replied ""Stop"" (matched ""stop"") | recorded in the app at 2026-09-05T14:08:04.848Z",yes,2
+13364081406,2026-08-11T17:43:22.000Z,app_database_optout replied_stop_bare_keyword twilio_21610_unsubscribed,"2026-08-11T17:43:24.000Z send refused: 21610 | 2026-08-11T17:43:22.000Z replied ""STOP"" (matched ""stop"") | recorded in the app at 2026-08-11T17:43:22.641Z",yes,3
+13366002484,2026-08-20T14:01:47.000Z,app_database_optout replied_stop_bare_keyword twilio_21610_unsubscribed,"2026-08-20T14:01:48.000Z send refused: 21610 | 2026-08-20T14:01:47.000Z replied ""Stop"" (matched ""stop"") | recorded in the app at 2026-08-20T14:01:47.070Z",yes,5
+13366958892,2026-09-24T14:04:06.000Z,replied_stop_bare_keyword twilio_21610_unsubscribed,"2026-09-24T15:49:02.000Z send refused: 21610 | 2026-09-24T15:49:01.000Z send refused: 21610 | 2026-09-24T14:26:04.000Z send refused: 21610 | 2026-09-24T14:25:57.000Z send refused: 21610 | 2026-09-24T14:04:06.000Z replied ""STOP"" (matched ""stop"")",yes,8
+13369650004,2026-08-14T16:04:02.823Z,app_database_optout replied_stop_bare_keyword twilio_21610_unsubscribed,"2026-08-14T16:04:03.000Z send refused: 21610 | 2026-08-14T16:04:03.000Z replied ""Stop"" (matched ""stop"") | recorded in the app at 2026-08-14T16:04:02.823Z",yes,3
+13863376193,2026-07-31T22:30:52.000Z,replied_keyword_in_sentence_READ_THIS,"2026-07-31T22:30:52.000Z replied ""Cancel appointment "" (matched ""cancel"")",yes,1
+14044792318,2026-08-22T21:54:52.000Z,app_database_optout replied_stop_bare_keyword twilio_21610_unsubscribed,"2026-08-22T21:54:53.000Z send refused: 21610 | 2026-08-22T21:54:52.000Z replied ""STOP"" (matched ""stop"") | recorded in the app at 2026-08-22T21:54:52.010Z",yes,2
+14235928088,2026-09-01T17:49:34.912Z,app_database_optout,recorded in the app at 2026-09-01T17:49:34.912Z,yes,4
+14346324788,2026-09-02T14:20:35.000Z,app_database_optout replied_stop_bare_keyword twilio_21610_unsubscribed,"2026-09-02T14:20:36.000Z send refused: 21610 | 2026-09-02T14:20:35.000Z replied ""Stop"" (matched ""stop"") | recorded in the app at 2026-09-02T14:20:35.460Z",yes,4
+16105954152,2026-08-25T00:05:40.909Z,app_database_optout replied_stop_bare_keyword twilio_21610_unsubscribed,"2026-08-25T00:05:43.000Z send refused: 21610 | 2026-08-25T00:05:41.000Z replied ""Stop"" (matched ""stop"") | recorded in the app at 2026-08-25T00:05:40.909Z",yes,2
+16154963900,2026-08-21T13:04:08.712Z,app_database_optout replied_stop_bare_keyword twilio_21610_unsubscribed,"2026-08-21T13:04:18.000Z send refused: 21610 | 2026-08-21T13:04:10.000Z send refused: 21610 | 2026-08-21T13:04:09.000Z replied ""Stop"" (matched ""stop"") | recorded in the app at 2026-08-21T13:04:08.712Z",yes,16
+16159654011,2026-08-24T14:01:22.280Z,app_database_optout replied_stop_bare_keyword twilio_21610_unsubscribed,"2026-08-24T14:01:25.000Z send refused: 21610 | 2026-08-24T14:01:23.000Z replied ""stop"" (matched ""stop"") | recorded in the app at 2026-08-24T14:01:22.280Z",yes,2
+16789057925,2026-08-22T14:03:21.468Z,app_database_optout replied_stop_bare_keyword twilio_21610_unsubscribed,"2026-08-22T14:11:31.000Z send refused: 21610 | 2026-08-22T14:11:30.000Z replied ""Stop"" (matched ""stop"") | recorded in the app at 2026-08-22T14:03:21.468Z",yes,4
+17042538647,2026-08-14T14:18:10.000Z,app_database_optout replied_stop_bare_keyword twilio_21610_unsubscribed,"2026-08-14T14:18:11.000Z send refused: 21610 | 2026-08-14T14:18:10.000Z replied ""stop"" (matched ""stop"") | recorded in the app at 2026-08-14T14:18:10.531Z",yes,2
+17047363746,2026-09-21T13:00:43.562Z,app_database_optout,recorded in the app at 2026-09-21T13:00:43.562Z,yes,2
+18037103976,2026-09-17T14:01:18.548Z,app_database_optout replied_stop_bare_keyword,"2026-09-17T14:01:19.000Z replied ""STOP Reply STOP to unsubscribe."" (matched ""stop"") | recorded in the app at 2026-09-17T14:01:18.548Z",yes,2
+18042067000,2026-08-21T14:04:21.000Z,app_database_optout replied_stop_bare_keyword,"2026-08-21T14:04:21.000Z replied ""STOP Reply STOP to unsubscribe"" (matched ""stop"") | recorded in the app at 2026-08-21T14:04:21.454Z",yes,2
+18042396790,2026-09-23T21:26:02.000Z,app_database_optout replied_stop_bare_keyword twilio_21610_unsubscribed,"2026-09-23T21:26:04.000Z send refused: 21610 | 2026-09-23T21:26:02.000Z replied ""Stop"" (matched ""stop"") | recorded in the app at 2026-09-23T21:26:02.441Z",yes,2
+18044414309,2026-08-25T16:09:12.000Z,app_database_optout replied_stop_bare_keyword twilio_21610_unsubscribed,"2026-08-25T16:09:14.000Z send refused: 21610 | 2026-08-25T16:09:12.000Z replied ""STOP "" (matched ""stop"") | recorded in the app at 2026-08-25T16:09:12.633Z",yes,3
+18049011936,2026-09-02T17:22:00.000Z,app_database_optout replied_stop_bare_keyword twilio_21610_unsubscribed,"2026-09-02T17:22:01.000Z send refused: 21610 | 2026-09-02T17:22:00.000Z replied ""STOP"" (matched ""stop"") | recorded in the app at 2026-09-02T17:22:00.316Z",yes,4
+18142186140,2026-06-30T11:41:32.000Z,replied_stop_bare_keyword,"2026-06-30T11:41:32.000Z replied ""Cancel"" (matched ""cancel"")",yes,1
+18282646660,2026-08-11T19:06:44.000Z,app_database_optout replied_stop_bare_keyword,"2026-08-11T19:06:44.000Z replied ""stop Reply STOP to unsubscribe"" (matched ""stop"") | recorded in the app at 2026-08-11T19:06:44.180Z",yes,2
+18437695355,2026-09-08T20:51:41.000Z,app_database_optout replied_stop_bare_keyword twilio_21610_unsubscribed,"2026-09-08T20:51:43.000Z send refused: 21610 | 2026-09-08T20:51:41.000Z replied ""STOP"" (matched ""stop"") | recorded in the app at 2026-09-08T20:51:41.027Z",yes,2
+18447570083,2026-09-01T16:41:38.187Z,app_database_optout,recorded in the app at 2026-09-01T16:41:38.187Z,yes,1
+19047177127,2026-08-29T14:22:42.000Z,app_database_optout replied_stop_bare_keyword twilio_21610_unsubscribed,"2026-08-29T14:22:44.000Z send refused: 21610 | 2026-08-29T14:22:42.000Z replied ""Stop"" (matched ""stop"") | recorded in the app at 2026-08-29T14:22:42.113Z",yes,2
+19198582318,2026-08-31T13:00:53.572Z,app_database_optout,recorded in the app at 2026-08-31T13:00:53.572Z,yes,2
+19432267057,2026-08-21T13:02:15.000Z,app_database_optout replied_stop_bare_keyword,"2026-08-21T13:02:15.000Z replied ""No soliciting"" (matched ""no soliciting"") | recorded in the app at 2026-08-21T13:02:15.072Z",yes,3
+19803516626,2026-08-20T17:15:37.998Z,app_database_optout replied_stop_bare_keyword twilio_21610_unsubscribed,"2026-08-20T17:15:54.000Z send refused: 21610 | 2026-08-20T17:15:40.000Z send refused: 21610 | 2026-08-20T17:15:38.000Z replied ""STOP"" (matched ""stop"") | recorded in the app at 2026-08-20T17:15:37.998Z",yes,36
+19805808045,2026-08-14T14:11:12.000Z,app_database_optout replied_stop_bare_keyword twilio_21610_unsubscribed,"2026-08-14T14:11:14.000Z send refused: 21610 | 2026-08-14T14:11:12.000Z replied ""STOP"" (matched ""stop"") | recorded in the app at 2026-08-14T14:11:12.280Z",yes,2
+19808334665,2026-08-17T16:32:24.903Z,app_database_optout replied_stop_bare_keyword twilio_21610_unsubscribed,"2026-08-17T16:32:26.000Z send refused: 21610 | 2026-08-17T16:32:25.000Z replied ""Stop"" (matched ""stop"") | recorded in the app at 2026-08-17T16:32:24.903Z",yes,4
