part_number,manufacturer,unit_model,fitment_note,source,verified
78-751,Thermo King,SB2,,mincarone.net,no
78-751,Thermo King,SB3,,mincarone.net,no
78-751,Thermo King,Sentry,,mincarone.net,no
78-751,Thermo King,Super II,,mincarone.net,no
78-1968,Thermo King,A500,,mincarone.net,no
78-1968,Thermo King,Precedent,,mincarone.net,no
78-1968,Thermo King,SB-3,,mincarone.net,no
78-1968,Thermo King,SLX,,mincarone.net,no
78-266,Thermo King,Super II 50,50 Hz variant per listing,mincarone.net,no
78-1026,Thermo King,RD-II,,mincarone.net,no
78-1026,Thermo King,TD-II,,mincarone.net,no
78-654,Thermo King,Sentry,,mincarone.net,no
78-1341,Thermo King,SB-210,,mincarone.net,no
78-929,Thermo King,SB3,,mincarone.net,no
78-929,Thermo King,Super II,,mincarone.net,no
78-671,Thermo King,MD2,,mincarone.net,no
78-671,Thermo King,MD-200,,mincarone.net,no
00-244,Thermo King,,no unit listed by vendor - industrial 3VX630,mincarone.net,no
78-340,Thermo King,XMT,,mincarone.net,no
78-471,Thermo King,Super II,,mincarone.net,no
78-1103,Thermo King,,no unit listed by vendor,mincarone.net,no
78-487,Thermo King,,no unit listed by vendor,mincarone.net,no
78-666,Thermo King,Sentry,,mincarone.net,no
78-666,Thermo King,TK6000,,mincarone.net,no
78-668,Thermo King,SB3,,mincarone.net,no
78-470,Thermo King,SB1,BEFORE 11/1985 - build date break,mincarone.net,no
78-603,Thermo King,SB series (all),vendor says all SB - needs expanding to actual models,mincarone.net,no
78-835,Thermo King,Super-2,Isuzu engine variant,mincarone.net,no
78-1000,Thermo King,Super-2,,mincarone.net,no
78-1852,Thermo King,T-1000R,,mincarone.net,no
78-1852,Thermo King,T-1080R,,mincarone.net,no
78-943,Thermo King,Container,container units - model not specified,mincarone.net,no
78-344,Thermo King,SHZ,,mincarone.net,no
50-00178-19,Carrier Transicold,X2,,mincarone.net,no
50-00162-25,Carrier Transicold,Supra X2,,mincarone.net,no
50-00162-25,Carrier Transicold,Supra X4,,mincarone.net,no
78-194,Thermo King,Sentry,,mincarone.net,no
78-287,Thermo King,NWD50,,mincarone.net,no
78-287,Thermo King,SNWD,,mincarone.net,no
78-287,Thermo King,Sentry,,mincarone.net,no
50-00178-24,Carrier Transicold,X2,,mincarone.net,no
50-00178-27,Carrier Transicold,X4,,mincarone.net,no
78-604,Thermo King,SB2,,mincarone.net,no
78-604,Thermo King,SB3,,mincarone.net,no
78-842,Thermo King,SB3,,mincarone.net,no
78-842,Thermo King,Super II,,mincarone.net,no
78-842,Thermo King,Sentry,,mincarone.net,no
50-01169-52,Carrier Transicold,Supra,series not specified,mincarone.net,no
78-1031,Thermo King,RD-II,,mincarone.net,no
78-1946,Thermo King,T-1080,,mincarone.net,no
78-1946,Thermo King,T-1280,,mincarone.net,no
78-1802,Thermo King,T-560,,mincarone.net,no
78-784,Thermo King,SB2,,mincarone.net,no
78-784,Thermo King,DI2,,mincarone.net,no
78-689,Thermo King,KD2,,mincarone.net,no
78-689,Thermo King,MD2,,mincarone.net,no
78-629,Thermo King,SB2,,mincarone.net,no
78-629,Thermo King,SB3,,mincarone.net,no
78-629,Thermo King,SB-190,,mincarone.net,no
78-629,Thermo King,SB-200,,mincarone.net,no
78-629,Thermo King,SB-210,,mincarone.net,no
78-629,Thermo King,SB-230,,mincarone.net,no
78-629,Thermo King,SB-330,,mincarone.net,no
78-1669,Thermo King,T-1000,,mincarone.net,no
78-1669,Thermo King,T-1080,,mincarone.net,no
78-1012,Thermo King,KD,,mincarone.net,no
78-1012,Thermo King,MD,,mincarone.net,no
78-1012,Thermo King,MD-100,,mincarone.net,no
78-1012,Thermo King,MD-200,,mincarone.net,no
78-1012,Thermo King,MD-300,,mincarone.net,no
78-1492,Thermo King,MD-300,,mincarone.net,no
78-1492,Thermo King,T-600,,mincarone.net,no
78-1492,Thermo King,T-800,,mincarone.net,no
78-1736,Thermo King,T-1000,TK376 engine,mincarone.net,no
78-1736,Thermo King,T-1200,TK376 engine,mincarone.net,no
78-1681,Thermo King,T-800S,,mincarone.net,no
78-1681,Thermo King,T-880S,,mincarone.net,no
78-936,Thermo King,BKD,,mincarone.net,no
78-936,Thermo King,KD2,,mincarone.net,no
78-936,Thermo King,MD2,,mincarone.net,no
78-936,Thermo King,MD-300,,mincarone.net,no
78-1366,Thermo King,MD-100,TK370 engine,mincarone.net,no
78-1366,Thermo King,MD-200,TK370 engine,mincarone.net,no
78-1366,Thermo King,MD-300,TK370 engine,mincarone.net,no
78-700,Thermo King,BKD,,mincarone.net,no
78-700,Thermo King,KD2,,mincarone.net,no
78-700,Thermo King,MD2,,mincarone.net,no
78-700,Thermo King,MD-300,,mincarone.net,no
78-977,Thermo King,BKD,,mincarone.net,no
78-977,Thermo King,KD2,,mincarone.net,no
78-977,Thermo King,MD2,,mincarone.net,no
78-1724,Thermo King,T-600,,mincarone.net,no
78-1724,Thermo King,T-680,,mincarone.net,no
78-1724,Thermo King,T-800,,mincarone.net,no
78-1724,Thermo King,T-880,,mincarone.net,no
78-1724,Thermo King,T-1280,,mincarone.net,no
78-1724,Thermo King,Spectrum,,mincarone.net,no
78-1945,Thermo King,SLX-400,,mincarone.net,no
78-684,Thermo King,BKD,,mincarone.net,no
78-684,Thermo King,KD,,mincarone.net,no
78-684,Thermo King,MD-300,,mincarone.net,no
78-1699,Thermo King,T-1200,,mincarone.net,no
70-199,Thermo King,KD2,,mincarone.net,no
70-199,Thermo King,MD2,,mincarone.net,no
70-199,Thermo King,MD-300,,mincarone.net,no
77-3200,Thermo King,SLX-400,,mincarone.net,no
77-3229,Thermo King,A500,,mincarone.net,no
204-2436,Thermo King,SLXe,,mincarone.net,no
