part_number,part_number_normalized,manufacturer,part_type,description,belt_section,belt_length,belt_profile,engine_model,vendor_price_usd,source,verified
78-751,780751,Thermo King,Belt,Alternator belt,,,,,19.00,mincarone.net,no
78-1968,781968,Thermo King,Belt,Belt,,,,,15.00,mincarone.net,no
78-266,780266,Thermo King,Belt,Alternator belt (50s),13AV630,,,,5.00,mincarone.net,no
78-1026,781026,Thermo King,Belt,Water pump belt,A13,,,,14.00,mincarone.net,no
78-654,780654,Thermo King,Belt,Fan driver belt,,,,,12.00,mincarone.net,no
78-1341,781341,Thermo King,Belt,Water pump / alternator belt,,,,,15.00,mincarone.net,no
78-929,780929,Thermo King,Belt,Alternator / water pump belt,,,,,16.00,mincarone.net,no
78-671,780671,Thermo King,Belt,Alternator belt,,,,,11.00,mincarone.net,no
00-244,000244,Thermo King,Belt,Belt 3VX630,3VX630,,cogged,,7.00,mincarone.net,no
78-340,780340,Thermo King,Belt,Engine to compressor belt,B47,,plain,,12.00,mincarone.net,no
78-471,780471,Thermo King,Belt,Water pump and alternator belt,,,,,15.00,mincarone.net,no
78-1103,781103,Thermo King,Belt,Water pump belt,A36,105 cm,plain,,4.00,mincarone.net,no
78-487,780487,Thermo King,Belt,Water pump and alternator belt,A48,65 cm,plain,,8.00,mincarone.net,no
78-666,780666,Thermo King,Belt,Fan belt,,,plain,,16.00,mincarone.net,no
78-668,780668,Thermo King,Belt,Water pump belt,,,plain,,20.00,mincarone.net,no
78-470,780470,Thermo King,Belt,Fan drive belt B158,B158,,,,25.00,mincarone.net,no
78-603,780603,Thermo King,Belt,Central fan belt (OE),,,,,18.00,mincarone.net,no
78-835,780835,Thermo King,Belt,Central belt Super-2 Isuzu (OE),,,,Isuzu,59.00,mincarone.net,no
78-1000,781000,Thermo King,Belt,Central belt Super-2 (OE),,,,,69.00,mincarone.net,no
78-1852,781852,Thermo King,Belt,Motor to compressor belt,,,,,124.00,mincarone.net,no
78-943,780943,Thermo King,Belt,Fan and water pump belt,A31,80 cm,cogged,,9.00,mincarone.net,no
78-344,780344,Thermo King,Belt,Compressor and alternator belt,XPZ 1150 / SPZ 1150,1150 mm,cogged,,15.00,mincarone.net,no
50-00178-19,500017819,Carrier Transicold,Belt,Lower drive belt,,,,,25.00,mincarone.net,no
50-00162-25,500016225,Carrier Transicold,Belt,Alternator belt,,,,,11.00,mincarone.net,no
78-194,780194,Thermo King,Belt,Alternator belt,,,,,20.00,mincarone.net,no
78-287,780287,Thermo King,Belt,Motor belt,,,,,20.00,mincarone.net,no
50-00178-24,500017824,Carrier Transicold,Belt,Fan belt,,,,,39.00,mincarone.net,no
50-00178-27,500017827,Carrier Transicold,Belt,Fan belt,,,,,38.00,mincarone.net,no
78-604,780604,Thermo King,Belt,Engine to idler belt,,,,,51.00,mincarone.net,no
78-842,780842,Thermo King,Belt,Water pump belt,A31,85.5 cm,plain,,19.00,mincarone.net,no
50-01169-52,500116952,Carrier Transicold,Belt,Engine to compressor belt,,,,,26.00,mincarone.net,no
78-1031,781031,Thermo King,Belt,Engine to compressor to idler belt,,,,,8.00,mincarone.net,no
78-1946,781946,Thermo King,Belt,Engine to compressor belt,,,,,100.00,mincarone.net,no
78-1802,781802,Thermo King,Belt,Engine to motor / jackshaft belt,,,,,71.00,mincarone.net,no
78-784,780784,Thermo King,Belt,Compressor drive belt,,,,,65.00,mincarone.net,no
78-689,780689,Thermo King,Belt,Motor to jackshaft belt,,,,,5.00,mincarone.net,no
78-629,780629,Thermo King,Belt,Engine belt,,,,,27.00,mincarone.net,no
78-1669,781669,Thermo King,Belt,Engine belt 3V,3V,,,,83.00,mincarone.net,no
78-1012,781012,Thermo King,Belt,Water pump belt,,,,,12.00,mincarone.net,no
78-1492,781492,Thermo King,Belt,Water pump belt,,,,,10.00,mincarone.net,no
78-1736,781736,Thermo King,Belt,Water pump belt,,,,TK376,21.00,mincarone.net,no
78-1681,781681,Thermo King,Belt,Compressor to engine belt,,,,,67.00,mincarone.net,no
78-936,780936,Thermo King,Belt,Compressor belt,,,,,22.00,mincarone.net,no
78-1366,781366,Thermo King,Belt,Engine belt,,,,TK370,45.00,mincarone.net,no
78-700,780700,Thermo King,Belt,Alternator belt,,,,,7.00,mincarone.net,no
78-977,780977,Thermo King,Belt,Diesel engine belt,,,,,39.00,mincarone.net,no
78-1724,781724,Thermo King,Belt,Engine belt,,,,,82.00,mincarone.net,no
78-1945,781945,Thermo King,Belt,Blower to alternator belt,,,,,71.00,mincarone.net,no
78-684,780684,Thermo King,Belt,Evaporator fan belt,,,,,12.00,mincarone.net,no
78-1699,781699,Thermo King,Belt,Compressor transmission belt,,,,,25.00,mincarone.net,no
70-199,700199,Thermo King,Pulley,Belt tensioner pulley,,,,,24.00,mincarone.net,no
77-3200,773200,Thermo King,Pulley,Belt tensioner pulley,,,,,144.00,mincarone.net,no
77-3229,773229,Thermo King,Tensioner,Belt tensioner (sliding),,,,,462.00,mincarone.net,no
204-2436,2042436,Thermo King,Tensioner,Belt tensioner,,,,,56.00,mincarone.net,no
11-5558,115558,Thermo King,Filter - element,Filter element,,,,,16.00,mincarone.net,no
11-9953,119953,Thermo King,Filter - fuel,Fuel filter element - without rings,,,,,54.00,mincarone.net,no
61-2694,612694,Thermo King,Filter - liquid injection,Liquid injection filter,,,,,1.00,mincarone.net,no
11-7234,117234,Thermo King,Filter - air,Air filter 196mm x 155mm,,,,,13.00,mincarone.net,no
11-9299,119299,Thermo King,Filter - air,Air filter - complete assembly,,,,,83.00,mincarone.net,no
11-7264,117264,Thermo King,Filter - fuel/water separator,Fuel filter separator,,,,,9.00,mincarone.net,no
11-9341,119341,Thermo King,Filter - fuel/water separator,Fuel filter with water separator,,,,,16.00,mincarone.net,no
11-6285,116285,Thermo King,Filter - fuel/water separator,Fuel filter separator,,,,,9.00,mincarone.net,no
30-00471-20,300047120,Carrier Transicold,Filter - air,Air filter,,,,,19.00,mincarone.net,no
11-7400,117400,Thermo King,Filter - air,Air cleaner filter,,,,,71.00,mincarone.net,no
11-9059,119059,Thermo King,Filter - air,Air filter,,,,,16.00,mincarone.net,no
11-9068,119068,Thermo King,Filter - air,Air cleaner filter - dry,,,,,81.00,mincarone.net,no
11-9300,119300,Thermo King,Filter - air,Air filter element (OE),,,,,58.00,mincarone.net,no
11-9954,119954,Thermo King,Filter - fuel/water separator,Fuel filter - water separator,,,,,33.00,mincarone.net,no
11-9321,119321,Thermo King,Filter - fuel,Fuel filter,,,,,18.00,mincarone.net,no
30-01090-05,300109005,Carrier Transicold,Filter - fuel,Fuel filter,,,,,16.00,mincarone.net,no
11-9342,119342,Thermo King,Filter - fuel,Fuel filter - EMI 3000,,,,,24.00,mincarone.net,no
11-9959,119959,Thermo King,Filter - oil (engine),Oil filter - EMI 3000,,,,,67.00,mincarone.net,no
11-9182,119182,Thermo King,Filter - oil (engine),Lubrication oil filter - EMI 3000,,,,,32.00,mincarone.net,no
30-60118-00,306011800,Carrier Transicold,Filter - oil (engine),Lubricant oil filter,,,,,9.00,mincarone.net,no
11-6228,116228,Thermo King,Filter - oil (engine),Oil bypass filter,,,,,14.00,mincarone.net,no
11-6182,116182,Thermo King,Filter - oil (engine),Oil filter,,,,,18.00,mincarone.net,no
11-7382,117382,Thermo King,Filter - oil (engine),Lubrication oil filter,,,,,32.00,mincarone.net,no
61-3152,613152,Thermo King,Filter - suction,Suction filter - system cleanup,,,,,129.00,mincarone.net,no
66-4917,664917,Thermo King,Filter - oil (compressor),Compressor oil filter,,,,,91.00,mincarone.net,no
66-7800,667800,Thermo King,Filter - oil (compressor),Compressor oil filter,,,,,86.00,mincarone.net,no
30-01121-00,300112100,Carrier Transicold,Filter - oil (engine),Lubricant oil filter,,,,,12.00,mincarone.net,no
11-9099,119099,Thermo King,Filter - oil (engine),Lubricant oil filter,,,,C201 Isuzu,17.00,mincarone.net,no
22-1376,221376,Thermo King,Filter - oil (compressor),Compressor oil filter screen,,,,,37.00,mincarone.net,no
93-801,930801,Thermo King,Filter - return air,Evaporator return air filter,,,,,6.00,mincarone.net,no
023Z5044,0235044,Danfoss,Drier,Drier filter (DML164),,,,,26.00,mincarone.net,no
306-221,3060221,Thermo King,Drier,Dehydrator filter,,,,,52.00,mincarone.net,no
023Z0050,0230050,Danfoss,Drier,Drier filter DML304 - 1/2 conical 25cm,,,,,29.00,mincarone.net,no
14-00209-00,140020900,Carrier Transicold,Drier,Drier filter,,,,,35.00,mincarone.net,no
038-00034-001,03800034001,Valeo,Drier,Drier filter,,,,,60.00,mincarone.net,no
012-00074-001,01200074001,Valeo,Drier,Drier filter - receiver tank with sight glass,,,,,51.00,mincarone.net,no
61-600,610600,Thermo King,Drier,Dehydrator filter,,,,,53.00,mincarone.net,no
66-8718,668718,Thermo King,Drier,Dehydrator filter (DML163FS),,,,,26.00,mincarone.net,no
61-800,610800,Thermo King,Drier,Dehydrator filter,,,,,43.00,mincarone.net,no
66-8344,668344,Thermo King,Drier,Drier filter (DML164FS) - ORS 1/2,,,,,25.00,mincarone.net,no
61-3852,613852,Thermo King,Drier,Drier filter,,,,,26.00,mincarone.net,no
61-3853,613853,Thermo King,Drier,Dehydrator filter (023Z1323),,,,,24.00,mincarone.net,no
66-8546,668546,Thermo King,Filter - oil separator,Oil separator filter,,,,,164.00,mincarone.net,no
66-8548,668548,Thermo King,Filter - oil separator,Oil separator filter,,,,,113.00,mincarone.net,no
10-458,100458,Thermo King,Hardware,Strainer and O-ring kit,,,,,15.00,mincarone.net,no
11-9017,119017,Thermo King,Hardware,Spud - fuel filter fixation,,,,,7.00,mincarone.net,no
11-9015,119015,Thermo King,Hardware,Fuel filter head / bracket,,,,,30.00,mincarone.net,no
33-1635,331635,Thermo King,Hardware,Air inlet filter screen,,,,,6.00,mincarone.net,no
11-9279,119279,Thermo King,Hardware,Fuel tank pick-up tube,,,,,125.00,mincarone.net,no
77-2760,772760,Thermo King,Clutch/coupling,Compressor coupling bushing,,,,,21.00,mincarone.net,no
107-349,1070349,Thermo King,Clutch/coupling,Centrifugal clutch pulley,,,,,650.00,mincarone.net,no
